﻿{"cameraMode":{"drawMode":0,"name":"Shaded","section":"Shading Mode"},"sceneLighting":true,"audioPlay":false,"sceneViewState":{"showFog":true,"showMaterialUpdate":false,"showSkybox":true,"showFlares":true,"showImageEffects":true,"showParticleSystems":true},"in2DMode":false,"pivot":{"x":59.3423957824707,"y":4.83610725402832,"z":52.629451751708987},"rotation":{"x":-0.28190121054649355,"y":-0.2258370965719223,"z":0.06844154745340347,"w":-0.9300134181976318},"size":2.8578836917877199,"orthographic":false}